{
  "collapse-filter": true,
  "search": "",
  "showTags": false,
  "showAttachments": false,
  "hideUnresolved": false,
  "showOrphans": true,
  "collapse-color-groups": false,
  "colorGroups": [
    {
      "query": "#Elektromotor",
      "color": {
        "a": 1,
        "rgb": 14048348
      }
    },
    {
      "query": "#Batterie",
      "color": {
        "a": 1,
        "rgb": 14069084
      }
    },
    {
      "query": "#Gesamtsystem",
      "color": {
        "a": 1,
        "rgb": 11392604
      }
    },
    {
      "query": "#Leistungselektronik",
      "color": {
        "a": 1,
        "rgb": 6084188
      }
    },
    {
      "query": "#Steuerung",
      "color": {
        "a": 1,
        "rgb": 6084269
      }
    },
    {
      "query": "#Nebenverbraucher",
      "color": {
        "a": 1,
        "rgb": 6073814
      }
    },
    {
      "query": "",
      "color": {
        "a": 1,
        "rgb": 6053078
      }
    }
  ],
  "collapse-display": true,
  "showArrow": false,
  "textFadeMultiplier": 0,
  "nodeSizeMultiplier": 1,
  "lineSizeMultiplier": 1,
  "collapse-forces": true,
  "centerStrength": 0.518713248970312,
  "repelStrength": 10,
  "linkStrength": 1,
  "linkDistance": 250,
  "scale": 0.38366933660545277,
  "close": true
}