{
  "main": {
    "id": "6dcf4e3bc992742d",
    "type": "split",
    "children": [
      {
        "id": "2a23dd32cd365c8a",
        "type": "tabs",
        "children": [
          {
            "id": "5daa453cc2662935",
            "type": "leaf",
            "state": {
              "type": "markdown",
              "state": {
                "file": "Gesamtsystem/Bestandteile/Steuerung/elektrisches Interface der Steuerung.md",
                "mode": "source",
                "source": false
              },
              "icon": "lucide-file",
              "title": "elektrisches Interface der Steuerung"
            }
          },
          {
            "id": "a7c365da1733e6cf",
            "type": "leaf",
            "state": {
              "type": "markdown",
              "state": {
                "file": "Gesamtsystem/Bestandteile/Elektromotor/Bestandteile/Anbindung Elektromotor Niedervolt.md",
                "mode": "source",
                "source": false
              },
              "icon": "lucide-file",
              "title": "Anbindung Elektromotor Niedervolt"
            }
          }
        ],
        "currentTab": 1
      }
    ],
    "direction": "vertical"
  },
  "left": {
    "id": "ff32adfa958944a2",
    "type": "split",
    "children": [
      {
        "id": "1a7cdc8878d1ebd7",
        "type": "tabs",
        "children": [
          {
            "id": "24f4f746b9011b4d",
            "type": "leaf",
            "state": {
              "type": "file-explorer",
              "state": {
                "sortOrder": "alphabetical"
              },
              "icon": "lucide-folder-closed",
              "title": "Dateiexplorer"
            }
          },
          {
            "id": "dcf647929c2d89dd",
            "type": "leaf",
            "state": {
              "type": "search",
              "state": {
                "query": "",
                "matchingCase": false,
                "explainSearch": false,
                "collapseAll": false,
                "extraContext": false,
                "sortOrder": "alphabetical"
              },
              "icon": "lucide-search",
              "title": "Suchen"
            }
          },
          {
            "id": "8b09e70481987e18",
            "type": "leaf",
            "state": {
              "type": "bookmarks",
              "state": {},
              "icon": "lucide-bookmark",
              "title": "Lesezeichen"
            }
          }
        ]
      }
    ],
    "direction": "horizontal",
    "width": 472.5
  },
  "right": {
    "id": "dc237beac9936903",
    "type": "split",
    "children": [
      {
        "id": "ca3a6e7c2778ce0c",
        "type": "tabs",
        "children": [
          {
            "id": "8527d947e7f8683d",
            "type": "leaf",
            "state": {
              "type": "backlink",
              "state": {
                "file": "Gesamtsystem/Bestandteile/Steuerung/elektrisches Interface der Steuerung.md",
                "collapseAll": false,
                "extraContext": false,
                "sortOrder": "alphabetical",
                "showSearch": false,
                "searchQuery": "",
                "backlinkCollapsed": false,
                "unlinkedCollapsed": true
              },
              "icon": "links-coming-in",
              "title": "Rückverweise für elektrisches Interface der Steuerung"
            }
          },
          {
            "id": "3401796e11cbd8bb",
            "type": "leaf",
            "state": {
              "type": "outgoing-link",
              "state": {
                "file": "Gesamtsystem/Bestandteile/Steuerung/elektrisches Interface der Steuerung.md",
                "linksCollapsed": false,
                "unlinkedCollapsed": true
              },
              "icon": "links-going-out",
              "title": "Ausgehende Links von elektrisches Interface der Steuerung öffnen"
            }
          },
          {
            "id": "573419af10d803f1",
            "type": "leaf",
            "state": {
              "type": "tag",
              "state": {
                "sortOrder": "frequency",
                "useHierarchy": true
              },
              "icon": "lucide-tags",
              "title": "Tags"
            }
          },
          {
            "id": "a464aa7b547773cb",
            "type": "leaf",
            "state": {
              "type": "outline",
              "state": {
                "file": "Gesamtsystem/Bestandteile/Steuerung/elektrisches Interface der Steuerung.md"
              },
              "icon": "lucide-list",
              "title": "Gliederung von elektrisches Interface der Steuerung"
            }
          }
        ],
        "currentTab": 3
      }
    ],
    "direction": "horizontal",
    "width": 300,
    "collapsed": true
  },
  "left-ribbon": {
    "hiddenItems": {
      "switcher:Schnellauswahl öffnen": false,
      "graph:Graphen-Ansicht öffnen": false,
      "canvas:Neuen Canvas erstellen": false,
      "daily-notes:Heutige Notiz öffnen": false,
      "templates:Vorlage einfügen": false,
      "command-palette:Befehlspalette öffnen": false
    }
  },
  "active": "24f4f746b9011b4d",
  "lastOpenFiles": [
    "Gesamtsystem/Bestandteile/Steuerung/elektrisches Interface der Steuerung.md",
    "Gesamtsystem/Bestandteile/Elektromotor/Bestandteile/Anbindung Elektromotor Niedervolt.md",
    "Gesamtsystem/Bestandteile/Elektromotor/Bestandteile/Anbindung Elektromotor Hochvolt.md",
    "Gesamtsystem/Bestandteile/Leistungselektronik/Niedervoltnetz.md",
    "Gesamtsystem/Bestandteile/Leistungselektronik/Hochvolt-Netz.md",
    "Gesamtsystem/Bestandteile/Nebenverbraucher/Anbindung Hochvoltnetz.md",
    "Gesamtsystem/Bestandteile/Nebenverbraucher/Anbindung Niedervoltnetz.md",
    "Gesamtsystem/Bestandteile/Nebenverbraucher/Attribute/Betriebskosten des Nebenverbrauchers.md",
    "Gesamtsystem/Bestandteile/Leistungselektronik/Ausgangsspannung der Leistungselektronik.md",
    "Gesamtsystem/Bestandteile/Leistungselektronik/Eingangsstrom der Leistungselektronik.md",
    "Gesamtsystem/Bestandteile/Leistungselektronik/Ausgangsstrom der Leistungselektronik.md",
    "Gesamtsystem/Bestandteile/Nebenverbraucher/Attribute/Betriebsart des Nebenverbrauchers.md",
    "Gesamtsystem/Bestandteile/Nebenverbraucher/Attribute/Anschaffungskosten des Nebenverbrauchers.md",
    "Gesamtsystem/Attribute/Anschaffungskosten der Baumaschine.md",
    "Gesamtsystem/Attribute/Thermomanagement des Gesamtsystems.md",
    "Gesamtsystem/Attribute/Betriebskosten des Gesamtsystems.md",
    "Gesamtsystem/Baumaschine.md",
    "Gesamtsystem/Bestandteile/Steuerung/Steuerung.md",
    "Gesamtsystem/Bestandteile/Steuerung/Informationsinterface der Steuerung.md",
    "Gesamtsystem/Bestandteile/Steuerung/Human Machine Interface der Steuerung.md",
    "Gesamtsystem/Bestandteile/Nebenverbraucher/Nebenverbraucher.md",
    "Gesamtsystem/Bestandteile/Leistungselektronik/Übersetzungsverhältnis der Leistungselektronik.md",
    "Gesamtsystem/Bestandteile/Leistungselektronik/Temperatur der Leistungselektronik.md",
    "Gesamtsystem/Bestandteile/Leistungselektronik/Leistungselektronik.md",
    "Gesamtsystem/Bestandteile/Leistungselektronik/Lebensdauer der Leistungselektronik.md",
    "Gesamtsystem/Bestandteile/Leistungselektronik/Eingangsspannung der Leistungselektronik.md",
    "Gesamtsystem/Bestandteile/Elektromotor/Bestandteile",
    "Gesamtsystem/Bestandteile/Elektromotor/Attribute",
    "Gesamtsystem/Bestandteile/Batterie/Bauteile",
    "Gesamtsystem/Bestandteile/Batterie/Attribute",
    "Gesamtsystem/Bestandteile/Nebenverbraucher/Attribute",
    "Gesamtsystem/Bestandteile/Steuerung",
    "Gesamtsystem/Bestandteile/Nebenverbraucher",
    "Gesamtsystem/Bestandteile/Leistungselektronik",
    "Gesamtsystem/Bestandteile/Elektromotor",
    "Gesamtsystem/Bestandteile/Batterie"
  ]
}